[
    {
        "naam": "Luvo",
        "sprong": 8.65
    },
    {
        "naam": "Chioma",
        "sprong": 7.12
    },
    {
        "naam": "Mike",
        "sprong": 8.95
    },
    {
        "naam": "Jackie",
        "sprong": 7.49
    },
    {
        "naam": "Irving",
        "sprong": 8.73
    },
    {
        "naam": "Maurren",
        "sprong": 7.26
    },
    {
        "naam": "Mohamed",
        "sprong": 8.48
    },
    {
        "naam": "Yao",
        "sprong": 7.01
    },
    {
        "naam": "Robert",
        "sprong": 8.86
    },
    {
        "naam": "Galina",
        "sprong": 7.52
    },
    {
        "naam": "Mitchell",
        "sprong": 8.54
    },
    {
        "naam": "Brooke",
        "sprong": 7.05
    }
]